{"cameraMode":{"drawMode":0,"name":"Shaded","section":"Shading Mode"},"sceneLighting":false,"audioPlay":false,"sceneViewState":{"showFog":true,"showMaterialUpdate":false,"showSkybox":true,"showFlares":true,"showImageEffects":true,"showParticleSystems":true},"in2DMode":false,"pivot":{"x":-0.05363655090332031,"y":-0.31254979968070986,"z":-0.4708590507507324},"rotation":{"x":-0.04196130856871605,"y":-0.9571186900138855,"z":0.18010593950748444,"w":-0.2229910045862198},"size":1.6174936294555665,"orthographic":false}