{"cameraMode":{"drawMode":0,"name":"Shaded","section":"Shading Mode"},"sceneLighting":false,"audioPlay":false,"sceneViewState":{"showFog":true,"showMaterialUpdate":false,"showSkybox":true,"showFlares":true,"showImageEffects":true,"showParticleSystems":true},"in2DMode":false,"pivot":{"x":0.07012701034545899,"y":1.7305165529251099,"z":3.3438847064971926},"rotation":{"x":0.12709160149097444,"y":0.031238744035363199,"z":-0.004005357623100281,"w":0.9913908839225769},"size":22.916414260864259,"orthographic":false}