{"cameraMode":{"drawMode":0,"name":"Shaded","section":"Shading Mode"},"sceneLighting":false,"audioPlay":false,"sceneViewState":{"showFog":true,"showMaterialUpdate":false,"showSkybox":true,"showFlares":true,"showImageEffects":true,"showParticleSystems":true},"in2DMode":false,"pivot":{"x":0.12124708294868469,"y":-0.36425524950027468,"z":-0.23570287227630616},"rotation":{"x":0.04895732179284096,"y":0.950316846370697,"z":-0.23558259010314942,"w":0.19748924672603608},"size":1.5904994010925294,"orthographic":false}